partida, gols_marcados, gols_sofridos, finalizacoes, posse, passes, passes_certos, desarmes
1, 1, 3, 6, 40, 134, 99, 9
2, 4, 3, 7, 30, 94, 86, 4
3, 2, 6, 4, 44, 112, 90, 6
4, 1, 2, 4, 47, 117, 74, 2
5, 0, 4, 5, 45, 128, 90, 6
6, 2, 1, 3, 53, 161, 139, 4
7, 4, 3, 12, 57, 169, 139, 7
8, 3, 2, 14, 54, 185, 157, 4
9, 4, 3, 8, 36, 94, 66, 7
10, 4, 1, 4, 50, 156, 124, 6
11, 2, 2, 7, 52, 141, 105, 6
12, 4, 3, 14, 57, 169, 139, 9
13, 2, 1, 6, 55, 161, 130, 3
14, 3, 3, 11, 51, 144, 108, 7
15, 5, 3, 8, 59, 170, 140, 5
16, 1, 3, 6, 40, 134, 99, 9
17, 4, 3, 7, 30, 94, 86, 4
18, 2, 6, 4, 44, 112, 90, 6
19, 1, 2, 4, 47, 117, 74, 2
20, 0, 4, 5, 45, 128, 90, 6
21, 2, 1, 3, 53, 161, 139, 4
22, 4, 3, 19, 54, 125, 98, 7